{"cameraMode":{"drawMode":0,"name":"Shaded","section":"Shading Mode"},"sceneLighting":true,"audioPlay":false,"sceneViewState":{"showFog":true,"showMaterialUpdate":false,"showSkybox":true,"showFlares":true,"showImageEffects":true,"showParticleSystems":true},"in2DMode":false,"pivot":{"x":15.753173828125,"y":0.425537109375,"z":-0.37890625},"rotation":{"x":0.19354227185249329,"y":0.04736275225877762,"z":-0.009356409311294556,"w":0.9799089431762695},"size":4.085652828216553,"orthographic":true}